id,link
0,https://onagri.home.blog/2020/08/14/manuel-agripreneur-encourager-et-accompagner-les-jeunes-des-regions-rurales-a-entreprendre-dans-le-secteur-agricole-agroalimentaire-et-services-lies-avec-un-focus-sur-les-tics/
1,https://onagri.home.blog/2020/08/14/veille-documentaire-de-lonagri/
2,https://onagri.home.blog/2020/08/04/the-african-continental-free-trade-areaeconomic-and-distributional-effects/
3,https://onagri.home.blog/2020/07/16/oecd%e2%80%91fao-agricultural-outlook-2020%e2%80%912029-covid-19/
4,https://onagri.home.blog/2020/07/14/impact-des-repercussions-de-la-crise-de-covid-19-sur-la-production-la-commercialisation-les-echanges-exterieurs-et-linvestissement-agricoles-en-tunisie/
5,https://onagri.home.blog/2020/08/19/ecologie-culture-et-utilisations-du-figuier-de-barbarie/
6,https://onagri.home.blog/2020/08/19/code-de-conduite-international-sur-la-gestion-des-pesticides-directives-sur-les-pesticides-extremement-dangereux/
7,https://onagri.home.blog/2020/08/17/comesa-50-millions-de-femmes-africaines-parlent-de-la-plateforme-50mawsp-lancements-nationaux-prevus-dans-14-etats-membres/
8,https://onagri.home.blog/2020/08/14/site-web-agripreneur/
9,https://onagri.home.blog/2020/08/07/agriculture-et-alimentation-mediterraneenne-durable/
10,https://onagri.home.blog/2020/08/07/actualites-de-lelevage/
11,https://onagri.home.blog/2020/08/07/actualites-sciences-du-vegetal/
12,https://onagri.home.blog/2020/08/07/actualites/
13,https://onagri.home.blog/2020/08/07/actualites-de-lhuile-dolive-dans-le-monde/
14,https://onagri.home.blog/2020/08/05/the-future-of-food-safety/
15,https://onagri.home.blog/2020/08/05/2019-africa-regional-overview-of-food-security-and-nutrition/
16,https://onagri.home.blog/2020/08/05/the-state-of-food-security-and-nutrition-in-the-world-2020/
17,https://onagri.home.blog/2020/08/04/%d8%a7%d9%84%d8%aa%d9%88%d8%ac%d9%87%d8%a7%d8%aa-%d8%a7%d8%a7%d9%84%d8%b3%d8%aa%d8%b1%d8%a7%d8%aa%d9%8a%d8%ac%d9%8a%d8%a9-%d9%88-%d8%a7%d9%84%d8%a8%d8%b1%d8%a7%d9%85%d8%ac-%d8%a7%d9%84%d8%b9%d9%85/
18,https://onagri.home.blog/2020/08/04/the-african-continental-free-trade-areaeconomic-and-distributional-effects/
19,https://onagri.home.blog/2020/08/04/dynamiques-du-developpement-en-afrique-2019-reussir-la-transformation-productive/
20,https://onagri.home.blog/2020/08/04/legypte-consomme-le-plus-de-pesticides-agricoles-en-afrique/
21,https://onagri.home.blog/2020/08/03/systeme-hydraulique-de-la-tunisie-a-lhorizon-2030/
22,https://onagri.home.blog/2020/08/03/gouvernance-de-leau-en-tunisie-etude-du-cas-du-gouvernorat-de-kasserine/
23,https://onagri.home.blog/2020/08/03/la-gouvernance-des-services-de-leau-en-tunisie-surmonter-les-defis-de-la-participation-du-secteur-prive/
24,https://onagri.home.blog/2020/08/03/eau-et-assainissement-pour-tous-en-tunisie-un-objectif-realiste/
25,https://onagri.home.blog/2020/08/03/cartes-des-ressources-en-sols-de-tunisie-tataouine/
26,https://onagri.home.blog/2020/07/29/la-situation-mondiale-des-peches-et-de-laquaculture-2020/
27,https://onagri.home.blog/2020/07/29/un-guide-tripartite-pour-la-gestion-des-zoonoses-a-travers-lapproche-multisectorielle-une-seule-sante/
28,https://onagri.home.blog/2020/07/29/italie-des-cas-de-tobrfv-detectes-dans-le-poivron-pour-la-premiere-fois/
29,https://onagri.home.blog/2020/07/28/rural-migration-in-tunisia-drivers-and-patterns-of-rural-youth-migration-and-its-impact-on-food-security-and-rural-livelihoods-in-tunisia/
30,https://onagri.home.blog/2020/07/27/les-donnees-ouvertes-ou-open-data-de-lonagri/
31,https://onagri.home.blog/2020/07/27/revue-du-centre-technique-de-lagriculture-biologique/
32,https://onagri.home.blog/2020/07/27/tunisie-le-deficit-de-la-balance-commerciale-agricole-se-reduit-a-49-m/
33,https://onagri.home.blog/2020/07/27/tunisie-le-deficit-de-la-balance-commerciale-agricole-atteint-49-millions-a-la-fin-juin-2020/
34,https://onagri.home.blog/2020/07/23/apports-aux-barrages-jusquau-mois-de-juin-2020-vs-2019/
35,https://onagri.home.blog/2020/07/22/alerte-alimentaire-apres-la-decouverte-de-16-pesticides-dans-un-legume-egyptien/
36,https://onagri.home.blog/2020/07/22/la-balance-commerciale-alimentaire-a-enregistre-jusqua-fin-juin-2020-un-deficit-de-1371-millions/
37,https://onagri.home.blog/2020/07/21/plan-daction-national-sur-les-modes-de-production-et-de-consommation-durables-en-tunisie-2016-plan-daction-decennal-agroalimentaire-2016-2025/
38,https://onagri.home.blog/2020/07/21/support-to-the-regional-collaboration-platform-of-the-water-scarcity-initiative-to-increase-water-productivity/
39,https://onagri.home.blog/2020/07/21/premiere-fibre-textile-longue-de-palmier-dattier-extraite-de-dechets-agricoles/
40,https://onagri.home.blog/2020/07/20/guidelines-for-the-prevention-eradication-and-containment-of-xylella-fastidiosa-in-olive-growing-areas/
41,https://onagri.home.blog/2020/07/20/le-deficit-de-la-balance-alimentaire-de-la-tunisie-seleve-a-137-mdt-a-fin-juin-2020/
42,https://onagri.home.blog/2020/07/20/le-deficit-de-la-balance-alimentaire-se-replie-a-1371-md/
43,https://onagri.home.blog/2020/07/20/tunisie-hausse-de-74-des-recettes-de-lhuile-dolive-exportee/
44,https://onagri.home.blog/2020/07/20/tunisie-le-deficit-de-la-balance-alimentaire-se-replie-de-679-md-a-137-md/
45,https://onagri.home.blog/2020/07/20/la-tunisie-en-route-vers-203017-objectifs-pour-changer-la-tunisie/
46,https://onagri.home.blog/2020/07/20/assessment-of-the-tunisian-olive-oil-value-chain-in-the-international-markets-constraints-and-opportunities/
47,https://onagri.home.blog/2020/07/20/value-chain-development-for-jobs-in-lagging-regions-lets-work-program-in-tunisia-overview-of-the-approach-impact-and-findings-p157321/
48,https://onagri.home.blog/2020/07/20/olive-oil-medicinal-and-aromatic-plants-and-tomatoes-in-north-west-tunisia-a-roadmap-to-developing-competitive-advantage-on-strategic-markets/
49,https://onagri.home.blog/2020/07/17/tunisie-le-taux-de-remplissage-des-barrages-a-atteint-584-a-la-mi-juin/
50,https://onagri.home.blog/2020/07/17/ona-croissance-de-la-valeur-ajoutee-agricole/
51,https://onagri.home.blog/2020/07/17/un-mysterieux-mal-tue-les-elephants-du-botswana-par-centaines/
52,https://onagri.home.blog/2020/07/17/les-plantes-aromatiques-et-medicinales-une-filiere-en-pleine-expansion-au-maroc/
53,https://onagri.home.blog/2020/07/16/oecd%e2%80%91fao-agricultural-outlook-2020%e2%80%912029-covid-19/
54,https://onagri.home.blog/2020/07/14/guide-sur-laleca-laccord-de-libre-echange-complet-et-approfondi-aleca-mieux-comprendre-les-negociations-sur-laccord/
55,https://onagri.home.blog/2020/07/14/impact-des-repercussions-de-la-crise-de-covid-19-sur-la-production-la-commercialisation-les-echanges-exterieurs-et-linvestissement-agricoles-en-tunisie/
56,https://onagri.home.blog/2020/07/13/la-production-cerealiere-devraient-setablir-entre-605-a-7-millions-de-quintaux/
57,https://onagri.home.blog/2020/07/10/evaluation-de-lapprovisionnement-alimentaire-dans-un-contexte-de-penurie-deau-dans-la-region-nena-application-de-lapproche-courbe-de-cout-dapprovisionnement-aliment/
58,https://onagri.home.blog/2020/07/10/ressources-en-eau-et-changement-climatique-en-region-mediterraneenne/
59,https://onagri.home.blog/2020/07/10/arab-horizon-2030-prospects-for-enhancing-food-security-in-the-arab-region/
60,https://onagri.home.blog/2020/07/10/recueil-des-fiches-technico-economiques-observees-des-principales-cultures-pratiquees-en-tunisie-tome-2/
61,https://onagri.home.blog/2020/07/10/recueil-des-fiches-technico-economiques-observees-des-principales-cultures-pratiquees-en-tunisie-tome-1/
62,https://onagri.home.blog/2020/07/10/eau-virtuelle-et-securite-alimentaire-en-tunisie-du-constat-a-lappui-au-developpement-evsat-cad/
63,https://onagri.home.blog/2020/07/10/baisse-de-175-des-exportations-tunisiennes-des-produits-agricoles-et-alimentaires-vers-la-libye/
64,https://onagri.home.blog/2020/07/10/le-secteur-de-la-peche-frappe-de-plein-fouet/
65,https://onagri.home.blog/2020/07/10/guide-principales-etapes-dacces-au-fonds-vert-pour-le-climat-gcf/
66,https://onagri.home.blog/2020/07/10/la-covid-19-a-lourdement-impacte-les-circuits-dapprovisionnement-de-commercialisation-et-de-distribution-de-produits-agricoles/
67,https://onagri.home.blog/2020/07/10/rapport-national-du-secteur-de-leau/
68,https://onagri.home.blog/2020/07/10/les-oasis-de-tunisie-a-proteger-contre-la-degradation-et-les-effets-du-changement-climatique/
69,https://onagri.home.blog/2020/07/10/valorisation-des-produits-laitiers-typiques-de-bizerte-et-beja-diagnostic-et-strategie-locale/
70,https://onagri.home.blog/2020/07/10/analyse-de-vulnerabilite-au-changement-climatique-du-couvert-forestier-la-foret-de-siliana-tunisie/
71,https://onagri.home.blog/2020/07/10/actualisation-de-la-strategie-nationale-et-du-plan-daction-nationaux-sur-la-biodiversite-strategie-et-plan-daction-nationaux-pour-la-biodiversite-2018-2030/
72,https://onagri.home.blog/2020/07/10/etude-de-lamelioration-de-la-qualite-et-du-positionnement-des-plantes-aromatiques-et-medicinales/
73,https://onagri.home.blog/2020/07/09/les-produits-de-la-peche-maritime-en-tunisie-ont-ete-les-plus-touches-par-la-pandemie-covid-19/
74,https://onagri.home.blog/2020/07/09/enquete-impact-de-la-crise-covid-19-sur-les-entreprises-tunisiennes/
75,https://onagri.home.blog/2020/07/08/agriculture-et-securite-alimentaire-un-plan-daction-en-reponse-a-la-crise-covid-19/
76,https://onagri.home.blog/2020/07/08/patrimoine-le-systeme-cultural-de-djebba-reconnu-par-la-fao/
77,https://onagri.home.blog/2020/07/07/la-covid-19-a-lourdement-impacte-les-circuits-dapprovisionnement-et-de-commercialisation-des-produits-agricoles-onagri/
78,https://onagri.home.blog/2020/07/06/tunisie-financement-du-secteur-agricole/
79,https://onagri.home.blog/2020/07/06/transformation-et-conditionnement-de-lhuile-dolive-biologique/
80,https://onagri.home.blog/2020/07/06/apercu-du-secteur-oleicole-en-tunisie-olivea/
81,https://onagri.home.blog/2020/07/06/cahier-des-charges-de-lhuile-dolive-vierge-extra-label-qualimed/
82,https://onagri.home.blog/2020/07/06/modeles-daffaires-de-la-filiere-huile-dolive-bio-conventionnelle/
83,https://onagri.home.blog/2020/07/03/la-transformation-agricole-en-afrique-le-role-des-ressources-naturelles/
84,https://onagri.home.blog/2020/07/03/bruxelles-publie-sa-strategie-de-la-ferme-a-la-table/
85,https://onagri.home.blog/2020/07/03/tunisie-les-services-veterinaires-recommandent-la-vaccination-et-la-separation-des-moutons-de-laid/
86,https://onagri.home.blog/2020/07/03/tunisie-une-decision-a-engendre-une-baisse-de-la-production-de-la-peche-de-59/
87,https://onagri.home.blog/2020/07/03/1180/
88,https://onagri.home.blog/2020/06/26/nature-faune/
89,https://onagri.home.blog/2020/06/25/culture-hyper-intensive-de-lolivier-dans-le-monde-et-applications-en-tunisie/
90,https://onagri.home.blog/2020/06/25/lagriculture-familiale-a-petite-echelle-au-proche-orient-et-afrique-du-nord-synthese/
91,https://onagri.home.blog/2020/06/25/mise-en-place-dun-systeme-national-de-suivi-des-forets-en-tunisie-evaluation-des-besoins-et-proposition-dune-feuille-de-route/
92,https://onagri.home.blog/2020/06/25/referentiel-du-developpement-agricole-durable-en-tunisie-document-de-base-pour-la-formation-et-le-conseil-agricole/
93,https://onagri.home.blog/2020/06/25/elaboration-de-la-vision-et-de-la-strategie-du-secteur-de-leau-a-lhorizon-2050-pour-la-tunisie-eau-2050/
94,https://onagri.home.blog/2020/06/25/gestion-durable-des-sols-en-foret-lancement-de-lapplication-mobile-for-eval/
95,https://onagri.home.blog/2020/06/25/la-peste-des-oliviers-des-pouilles-menace-le-bassin-mediterraneen/
96,https://onagri.home.blog/2020/06/25/exportations-dagrumes-largentine-ne-fait-plus-le-poids-face-a-lafrique-du-sud/
97,https://onagri.home.blog/2020/06/25/1094/
98,https://onagri.home.blog/2020/06/24/renforcement-des-capacites-visant-a-prevenir-lintroduction-et-la-propagation-de-xylella-fastidiosa-syndrome-de-declin-rapide-de-lolivier-au-proche-orient-et-en-afrique-du-n/
99,https://onagri.home.blog/2020/06/22/med-amin-impact-du-covid-19-en-mediterranee/
100,https://onagri.home.blog/2020/06/22/https-med-amin-org-fr-ressources-fichiers-docs-communication-reports-rapport-389-bulletin-med-amin-2020-1-may-file/
101,https://onagri.home.blog/2020/06/22/semer-des-graines-dans-les-sables-tunisiens/
102,https://onagri.home.blog/2020/06/22/le-comesa-en-bref-croissance-a-lunisson-prosperite-partagee/
103,https://onagri.home.blog/2020/06/22/covid-19-in-comesa-situation-update-16-06-2020/
104,https://onagri.home.blog/2020/06/22/nouvelle-strategie-damenagement-et-de-conservation-des-terres-agricoles/
105,https://onagri.home.blog/2020/06/22/document-dorientation-impact-de-la-crise-covid-19-sur-lagriculture-et-la-securite-alimentaire-en-tunisie-defis-et-options-de-reponses/
106,https://onagri.home.blog/2020/06/22/laction-de-la-fao-face-au-changement-climatique/
107,https://onagri.home.blog/2020/06/22/directives-dapplication-volontaire-pour-la-conservation-et-lutilisation-durable-des-varietes-des-agriculteurs-varietes-locales/
108,https://onagri.home.blog/2020/06/22/des-indicateurs-de-mesure-pour-suivre-la-mise-en-oeuvre-du-programme-de-developpement-durable-a-lhorizon-2030/
109,https://onagri.home.blog/2020/06/22/lalimentation-et-lagriculture/
110,https://onagri.home.blog/2020/06/22/strategie-de-la-fao-relative-a-lintegration-de-la-biodiversite-dans-tous-les-secteurs-de-lagriculture/
111,https://onagri.home.blog/2020/06/22/code-de-conduite-international-sur-lutilisation-et-la-gestion-durables/
112,https://onagri.home.blog/2020/06/22/les-multiples-roles-du-sol-au-proche-orient-et-en-afrique-du-nord/
113,https://onagri.home.blog/2020/06/22/carbone-organique-du-sol-une-richesse-invisible/
114,https://onagri.home.blog/2020/06/22/directives-volontaires-pour-une-gestion-durable-des-sols/
115,https://onagri.home.blog/2020/06/22/ble-dur-de-lorganisation-des-filieres-a-la-structuration-dun-reseau-mediterraneen/
116,https://onagri.home.blog/2020/06/18/analyse-de-la-filiere-oleicole-dans-le-gouvernorat-de-siliana-2/
117,https://onagri.home.blog/2020/06/18/etude-de-la-filiere-laitiere-bovine-dans-le-gouvernorat-de-kasserine-rapport/
118,https://onagri.home.blog/2020/06/18/developpement-de-la-filiere-de-poules-de-ferme-dans-le-gouvernorat-de-siliana/
119,https://onagri.home.blog/2020/06/18/etude-de-la-filiere-de-lhuile-dolive-dans-le-gouvernorat-du-kef/
120,https://onagri.home.blog/2020/06/18/analyse-de-la-filiere-oleicole-dans-le-gouvernorat-de-siliana/
121,https://onagri.home.blog/2020/06/18/etude-de-la-filiere-legumineuse-alimentaire-et-fourragere-dans-le-gouvernorat-de-beja/
122,https://onagri.home.blog/2020/06/16/actualisation-concertee-de-la-politique-agricole-orientations-pour-un-nouvel-agenda-agricole-tunisien/
123,https://onagri.home.blog/2020/06/16/guide-dexportation-de-lhuile-dolive-tunisienne/
124,https://onagri.home.blog/2020/06/16/filiere-viande-ovine-noire-de-thibar-dans-le-gouvernorat-de-beja-etude-de-la-filiere/
125,https://onagri.home.blog/2020/06/16/etude-de-la-filiere-lait-dans-le-gouvernorat-de-sidi-bouzid-rapport-final/
126,https://onagri.home.blog/2020/06/16/etude-de-la-filiere-lait-dans-le-gouvernorat-de-kairouan-rapport-final/
127,https://onagri.home.blog/2020/06/16/etude-de-la-filiere-laitiere-bovine-dans-le-gouvernorat-de-kasserine-rapport-final/
128,https://onagri.home.blog/2020/06/16/le-reequilibrage-de-la-balance-commerciale-en-tunisie-dans-une-perspective-dindustrialisation-et-de-coproduction-au-sein-de-lespace-euro-mediterraneen/
129,https://onagri.home.blog/2020/06/16/plan-regional-denvironnement-et-de-developpement-durable-predd-du-gouvernorat-du-kef/
130,https://onagri.home.blog/2020/06/16/plan-regional-denvironnement-et-de-developpement-durable-predd-du-gouvernorat-de-sidi-bouzid/
131,https://onagri.home.blog/2020/06/15/tableau-de-bord-des-cereales-en-tunisie/
132,https://onagri.home.blog/2020/06/15/actes-de-la-journee-nationale-sur-la-valorisation-des-resultats-de-la-recherche-dans-le-domaine-des-grandes-cultures-2014/
133,https://onagri.home.blog/2020/06/15/plan-daction-contre-xylela-fastidiosa-2019-2020/
134,https://onagri.home.blog/2020/06/12/la-covid-19-et-limpact-sur-la-securite-alimentaire-dans-la-region-du-proche-orient-et-de-lafrique-du-nord-comment-y-repondre/
135,https://onagri.home.blog/2020/06/12/%d8%af%d8%b1%d8%a7%d8%b3%d8%a9-%d8%a7%d9%84%d8%ac%d8%af%d9%88%d9%89-%d8%a7%d8%a5%d9%84%d9%82%d8%aa%d8%b5%d8%a7%d8%af%d9%8a%d8%a9-%d9%84%d8%b2%d8%b1%d8%a7%d8%b9%d8%a7%d8%aa-%d8%a7%d9%84%d9%82%d9%85/
136,https://onagri.home.blog/2020/06/12/le-pin-dalep-en-tunisie-ecologie-gestion-et-usages/
137,https://onagri.home.blog/2020/06/11/plan-daction-n2-2018-2019-sur-la-tueuse-des-oliviers-xylella-fastidiosa/
138,https://onagri.home.blog/2020/06/11/plan-daction-n1-2017-2018-sur-la-tueuse-des-oliviers-xylella-fastidiosa/
139,https://onagri.home.blog/2020/06/11/%d8%a7%d9%84%d9%85%d8%b1%d8%ac%d8%b9-%d8%a7%d9%84%d9%81%d9%86%d9%8a-%d9%84%d8%b2%d8%b1%d8%a7%d8%b9%d8%a9-%d8%a7%d9%84%d9%82%d9%85%d8%ad-%d8%a7%d9%84%d9%84%d9%8a%d9%86/
140,https://onagri.home.blog/2020/06/11/%d8%a7%d9%84%d9%85%d8%b1%d8%ac%d8%b9-%d8%a7%d9%84%d9%81%d9%86%d9%8a-%d9%84%d8%b2%d8%b1%d8%a7%d8%b9%d8%a9-%d8%a7%d9%84%d9%82%d9%85%d8%ad-%d8%a7%d9%84%d8%b5%d9%84%d8%a8/
141,https://onagri.home.blog/2020/06/11/la-filiere-cereales-au-kef/
142,https://onagri.home.blog/2020/06/11/%d8%b3%d9%86%d8%af-%d8%ae%d8%a8%d9%8a%d8%b1-%d8%b2%d8%a7%d8%b9%d8%a9-%d8%a7%d9%84%d8%ad%d8%a8%d9%88%d8%a8-%d9%84%d8%aa%d8%ad%d8%b3%d9%8a%d9%86-%d8%a7%d9%84%d9%85%d8%b1%d8%af%d9%88%d8%af/
143,https://onagri.home.blog/2020/06/11/cereales-et-oleoproteagineux-au-maghreb-pour-un-co-developpement-de-filieres-territorialisees-chapitre-3-la-tunisie/
144,https://onagri.home.blog/2020/06/11/analyse-de-la-filiere-cerealiere-en-tunisie-et-identification-des-principaux-points-de-dysfonctionnement-de-lorigine-des-pertes/
145,https://onagri.home.blog/2020/06/11/analyse-de-la-filiere-oleicole-tunisienne/
146,https://onagri.home.blog/2020/06/10/550/
147,https://onagri.home.blog/2020/06/08/evaluation-des-ressources-forestieres-mondiales-2020-principaux-resultats/
148,https://onagri.home.blog/2020/06/08/la-filiere-des-cereales-securite-alimentaire-et-gestion-des-importations-de-ble-dans-les-pays-arabes/
149,https://onagri.home.blog/2020/06/01/la-situation-des-forets-du-monde-2020-forets-biodiversite-et-activite-humaine/
150,https://onagri.home.blog/2020/05/28/the-impact-of-covid-19-on-tunisias-economy-agri-food-system-and-households/
151,https://onagri.home.blog/2020/05/26/mesures-preservant-la-filiere-agricole-et-le-bon-fonctionnement-de-lindustrie-agroalimentaire-face-a-la-pandemie-du-covid-19/
152,https://onagri.home.blog/2020/05/14/addressing-the-impacts-of-covid-19-in-food-crises/
153,https://onagri.home.blog/2020/05/08/la-tunisie-face-au-covid-19-a-lhorizon-2025/
154,https://onagri.home.blog/2020/05/08/%d8%af%d8%b1%d8%a7%d8%b3%d8%a9-%d8%a7%d8%b3%d8%aa%d8%b4%d8%b1%d8%a7%d9%81%d9%8a%d8%a9-%d8%ad%d9%88%d9%84-%d8%a7%d9%84%d8%a3%d9%85%d9%86-%d8%a7%d9%84%d8%ba%d8%b0%d8%a7%d8%a6%d9%8a-%d9%81%d9%8a-%d8%a3/
155,https://onagri.home.blog/2020/05/08/%d8%ad%d9%88%d8%b5%d9%84%d8%a9-%d8%ad%d9%88%d9%84-%d8%aa%d8%b7%d9%88%d8%b1-%d8%b5%d8%a7%d8%af%d8%b1%d8%a7%d8%aa-%d8%a7%d9%84%d9%85%d9%86%d8%aa%d8%ac%d8%a7%d8%aa-%d8%a7%d9%84%d9%81%d8%a7%d9%84%d8%ad/
156,https://onagri.home.blog/2020/03/03/suivi-de-la-securite-alimentaire-et-la-nutrition-a-lappui-du-programme-de-developpement-durable-a-lhorizon-2030/
157,https://onagri.home.blog/2020/03/03/guide-de-reference-sur-lagriculture-intelligente-face-au-climat/
158,https://onagri.home.blog/2020/03/03/la-situation-mondiale-de-lalimentation-et-de-lagriculture-2019/
159,https://onagri.home.blog/2020/02/11/evaluation-de-lapprovisionnement-alimentaire-dans-un-contexte-de-penurie-deau-dans-le-region-nena/
160,https://onagri.home.blog/2020/02/11/la-situation-des-marches-des-produits-agricoles-2018-commerce-agricole-changement-climatique-et-securite-alimentaire/
161,https://onagri.home.blog/2020/02/11/realiser-la-faim-zero-en-afrique-dici-a-2025-bilan-des-progres-accomplis/
162,https://onagri.home.blog/2020/02/11/la-politique-francaise-de-gestion-des-ressources-en-eau-et-de-la-biodiversite-aquatique-une-source-dinspiration-pour-la-mise-en-oeuvre-de-lagenda-2030/
163,https://onagri.home.blog/2020/01/13/programme-mondial-du-recensement-de-lagriculture-2020/
164,https://onagri.home.blog/2020/01/13/jeunes-emploi-lagriculture-plutot-que-lemigration/
165,https://onagri.home.blog/2020/01/13/technologie-numerique-comment-lintelligence-artificielle-transforme-lagriculture/
166,https://onagri.home.blog/2019/12/11/agriculture-durable-et-biodiversite-des-liens-inextricables/
167,https://onagri.home.blog/2019/12/02/rapport-sur-la-numerisation-de-lagriculture-africaine-2018-2019/
168,https://onagri.home.blog/2019/12/02/transformer-lalimentation-et-lagriculture-pour-realiser-les-odd/
169,https://onagri.home.blog/2019/11/08/rapport-mondial-des-nations-unies-sur-la-mise-en-valeur-des-ressources-en-eau-2018-les-solutions-fondees-sur-la-nature-pour-la-gestion-de-leau/
170,https://onagri.home.blog/2019/11/07/fonds-pour-les-changements-climatiques-en-afrique-rapport-annuel-2018/
171,https://onagri.home.blog/2019/11/07/soutenir-une-agriculture-axee-sur-la-nutrition-grace-aux-especes-negligees-et-sous-utilisees-cadre-operationnel/
172,https://onagri.home.blog/2019/10/14/la-situation-mondiale-des-peches-et-de-laquaculture-2018-atteindre-les-objectifs-de-developpement-durable/
173,https://onagri.home.blog/2019/10/07/la-situation-des-forets-du-monde-les-forets-au-service-du-developpement-durable/
174,https://onagri.home.blog/2019/10/07/plan-strategique-du-codex-2020-2025/
175,https://onagri.home.blog/2019/09/11/codex-2019-the-year-of-food-safety/
176,https://onagri.home.blog/2019/09/06/innovation-et-promotion-des-chaines-de-valeurs-de-produits-agricoles-locaux-en-afrique/
177,https://onagri.home.blog/2019/09/05/tunisie-en-chiffres-2018/
178,https://onagri.home.blog/2019/08/08/letat-de-la-securite-alimentaire-et-de-la-nutrition-dans-le-monde-2019-se-premunir-contre-les-ralentissements-et-les-flechissements-economiques/
179,https://onagri.home.blog/2019/08/01/tunisie-eau-2050/
180,https://onagri.home.blog/2019/07/26/letat-de-la-securite-alimentaire-et-de-la-nutrition-dans-le-monde/
181,https://onagri.home.blog/2019/07/18/suivi-de-la-securite-alimentaire-et-la-nutrition-a-lappui-du-programme-de-developpement-durable-a-lhorizon-2030-bilan-et-perspectives/
182,https://onagri.home.blog/2019/07/12/gestion-durable-de-la-flore-adventice-des-cultures/
183,https://onagri.home.blog/2019/07/12/titre-comment-utiliser-les-marches-a-terme-agricole/
184,https://onagri.home.blog/2019/07/02/manager-une-entreprise-agricole-durable/
185,https://onagri.home.blog/2019/06/07/developpement-durable-ecologie-rechauffement-climatique-des-solutions-rien-que-des-solutions/
186,https://onagri.home.blog/2019/06/07/cartographie-de-la-dynamique-de-loccupation-utilisation-du-sol-le-delta-de-mejerda-nord-est-de-la-tunisie/
187,https://onagri.home.blog/2019/06/03/premier-article-de-blog/
